company_id,jobview_url,Position(Company)
793248301,https://www.linkedin.com/jobs/view/793248301/,Appian BPM developer
638203565,https://www.linkedin.com/jobs/view/638203565/,RPA - Technical Architect
638203543,https://www.linkedin.com/jobs/view/638203543/,RPA- Data Scientist / Machine learning
729726676,https://www.linkedin.com/jobs/view/729726676/,KGS::MC::Consultant/AM::Sr. Java Developer
781061628,https://www.linkedin.com/jobs/view/781061628/,Manager - Intelligent Automation
634882252,https://www.linkedin.com/jobs/view/634882252/,KGS:: MC-Associate Consultant/Consultant:: Appian Developer
789274177,https://www.linkedin.com/jobs/view/789274177/,KGS-MC-Consultant-Oracle HCM
663375887,https://www.linkedin.com/jobs/view/663375887/,KGS | Management Consulting | Analytics | Data Science
739363102,https://www.linkedin.com/jobs/view/739363102/,KGS:: MC-Associate Consultant/Consultant/AM:: Appian Consultants
784359984,https://www.linkedin.com/jobs/view/784359984/,KGS::MC::Consultant:: Automation Anywhere
728563513,https://www.linkedin.com/jobs/view/728563513/,KGS::MC::Consultant - Robotics Process Automation
638204047,https://www.linkedin.com/jobs/view/638204047/,RPA Developer
807540593,https://www.linkedin.com/jobs/view/807540593/,KGS:: MC - Associate Consultant/Consultant - Testing
634882179,https://www.linkedin.com/jobs/view/634882179/,Assistant Manager/Consultant/ Associate Consultant – ERP Audits
663375886,https://www.linkedin.com/jobs/view/663375886/,KGS:: MC - Consultant/AM :: IT Strategy
799152148,https://www.linkedin.com/jobs/view/799152148/,Associate Consultant
789266534,https://www.linkedin.com/jobs/view/789266534/,KGS::MC::OpenText Exstream - Consultant
692177075,https://www.linkedin.com/jobs/view/692177075/,KGS-MC - Consultant - Oracle Technical Financials
692175809,https://www.linkedin.com/jobs/view/692175809/,KGS-MC-Associate Consultant - Oracle Fusion Functional
692175769,https://www.linkedin.com/jobs/view/692175769/,KGS-MC-Associate Consultant - Oracle Fusion Functional- Projects
817858996,https://www.linkedin.com/jobs/view/817858996/,Consultant_ Fullstack Developer
807540594,https://www.linkedin.com/jobs/view/807540594/,Microsoft Dynamics AX Technical Manager
793260381,https://www.linkedin.com/jobs/view/793260381/,Associate - CA
810115445,https://www.linkedin.com/jobs/view/810115445/,KGS:MC :Informatica iPaaS Developer
817860298,https://www.linkedin.com/jobs/view/817860298/,KGS:: MC - KBS E Learning Developer :: Associate Consultant::
803361806,https://www.linkedin.com/jobs/view/803361806/,Global Security Operation Center (GSOC)
781059896,https://www.linkedin.com/jobs/view/781059896/,KGS-RC-Assistant Manager-ITA
793512047,https://www.linkedin.com/jobs/view/793512047/,Assistant Manager - Group Financial Accounting & Controls
816182491,https://www.linkedin.com/jobs/view/816182491/,Consultant/Senior Consultant - Servicenow
692175810,https://www.linkedin.com/jobs/view/692175810/,KGS -MC- Workday
817858995,https://www.linkedin.com/jobs/view/817858995/,Associate/Sr. Associate - US GMS
814725108,https://www.linkedin.com/jobs/view/814725108/,IReMA | Assistant Manager/Senior//Executive
634881215,https://www.linkedin.com/jobs/view/634881215/,KGS-RC-Senior-Python Developer
768053015,https://www.linkedin.com/jobs/view/768053015/,Manager - SSOA
796125883,https://www.linkedin.com/jobs/view/796125883/,Consultant / Senior Consultant
634881156,https://www.linkedin.com/jobs/view/634881156/,KGS-RC-Assistant Manager | Prophet Modeling/ Life
793247551,https://www.linkedin.com/jobs/view/793247551/,IBM BPM Developer
763091428,https://www.linkedin.com/jobs/view/763091428/,Director - Partner Enablement
766614111,https://www.linkedin.com/jobs/view/766614111/,KGS| Risk Consulting- Trainee -Practice Operations
810459073,https://www.linkedin.com/jobs/view/810459073/,MeTrippingcom - Full Stack Developer - Travel Startup (3-8 yrs) Bangalore (Online/Mobile/Web)
806273899,https://www.linkedin.com/jobs/view/806273899/,MeTripping.com - Full Stack Developer - Travel Startup (3-8 yrs) Bangalore
778190339,https://www.linkedin.com/jobs/view/778190339/,KGS Capability Hubs- Senior Analsyt- FA Outsourcing- Banaglore
803295981,https://www.linkedin.com/jobs/view/803295981/,KGS: MC : Big Data​ : Assistant Manager
766614112,https://www.linkedin.com/jobs/view/766614112/,KGS:: MC :: -AZURE Manager
692175767,https://www.linkedin.com/jobs/view/692175767/,KGS::MC-Associate Consultant/Consultant::TBM
634881108,https://www.linkedin.com/jobs/view/634881108/,KGS-RC-FRM-Actuarial-Executive | Predictive Modeling
634880317,https://www.linkedin.com/jobs/view/634880317/,KGS-RC- Executive | Alteryx Specialist
634879971,https://www.linkedin.com/jobs/view/634879971/,Consultant- Data Modelling
634877965,https://www.linkedin.com/jobs/view/634877965/,KGS-RC-FRM-Market & Treasury Risk| Statistical Modeling
634877902,https://www.linkedin.com/jobs/view/634877902/,Associate Consultant/ Consultant- D&A and VBA Excel
777151841,https://www.linkedin.com/jobs/view/777151841/,Assistant Manager / Manager- Internal Audit
799152147,https://www.linkedin.com/jobs/view/799152147/,Consultant- Microsoft Dynamics CRM Technical
634877831,https://www.linkedin.com/jobs/view/634877831/,KGS - RC - FRM - Predictive Modeling - Executive
796132196,https://www.linkedin.com/jobs/view/796132196/,Datacap Developer
795002216,https://www.linkedin.com/jobs/view/795002216/,IBM Case Manager Developer
801236193,https://www.linkedin.com/jobs/view/801236193/,Director - Business Excellence
765511858,https://www.linkedin.com/jobs/view/765511858/,KGS-Risk Consulting-Trainee-Operations
799151402,https://www.linkedin.com/jobs/view/799151402/,OSS
634881447,https://www.linkedin.com/jobs/view/634881447/,OFSAA IFRS 9
634880404,https://www.linkedin.com/jobs/view/634880404/,KGS - Tax- Consultant/Associate Consultant- Sharepoint
779062918,https://www.linkedin.com/jobs/view/779062918/,KAAP Manager
796096432,https://www.linkedin.com/jobs/view/796096432/,Consultant_ .Net Azure_UK Tax Tech
737586164,https://www.linkedin.com/jobs/view/737586164/,KGS - MC - Associate Consultant/Consultant -SAP FICO
737584700,https://www.linkedin.com/jobs/view/737584700/,Selenium Testing_Associate Consultant/ Consultant
738183563,https://www.linkedin.com/jobs/view/738183563/,Assistant Manager- Qliksense/ Qlikview
729727230,https://www.linkedin.com/jobs/view/729727230/,Associate Consultant / Consultant- SQL Server Developer K-Tech
641342785,https://www.linkedin.com/jobs/view/641342785/,KGS-Senior Analyst-Research-Bangalore
650961755,https://www.linkedin.com/jobs/view/650961755/,KGS-MC- Consultant- SAP HANA/BOBJ
634881013,https://www.linkedin.com/jobs/view/634881013/,KGS - RC - IT Audit - Manager
634879773,https://www.linkedin.com/jobs/view/634879773/,KGS - RC - RPA - Senior
634879744,https://www.linkedin.com/jobs/view/634879744/,Consultant/ Associate consultant - Azure
822231297,https://www.linkedin.com/jobs/view/822231297/,Sr. Manager-Process Excellence_R2R
805158035,https://www.linkedin.com/jobs/view/805158035/,Devops Developer
799151381,https://www.linkedin.com/jobs/view/799151381/,KGS-MC-Automation Testing
770902790,https://www.linkedin.com/jobs/view/770902790/,KGS:: MC :: Hadoop/Azure Developer
793259864,https://www.linkedin.com/jobs/view/793259864/,Filenet Administrator
634879941,https://www.linkedin.com/jobs/view/634879941/,KGS MC | Data & Analytics | Data Scientist
810096418,https://www.linkedin.com/jobs/view/810096418/,KGS: MC : Informatica Business Analysts
806244228,https://www.linkedin.com/jobs/view/806244228/,Agile Consultant
805328679,https://www.linkedin.com/jobs/view/805328679/,Manager - US BTS
768023107,https://www.linkedin.com/jobs/view/768023107/,KGS-Business Associate-Research-Bangalore
634880234,https://www.linkedin.com/jobs/view/634880234/,KGS | MC | Hypersion Planning/ Essbase Developer/Hypersion FDMEE
761919110,https://www.linkedin.com/jobs/view/761919110/,Assistant Manager - UK Corporate Tax
781062371,https://www.linkedin.com/jobs/view/781062371/,Associate Consultant- Testing
778219006,https://www.linkedin.com/jobs/view/778219006/,Trainee | Operation
739358714,https://www.linkedin.com/jobs/view/739358714/,KGS:: MC:: Oracle HCM Functional:: Assistant Manager
781062377,https://www.linkedin.com/jobs/view/781062377/,Associate Consultant/ Consultant- Mash-up
741344154,https://www.linkedin.com/jobs/view/741344154/,Associate/Sr. Associate (SALT) - Dot Net
801403146,https://www.linkedin.com/jobs/view/801403146/,Consultant_WPF Winforms
690980576,https://www.linkedin.com/jobs/view/690980576/,Manager- Marcom Communication
729814943,https://www.linkedin.com/jobs/view/729814943/,KGS::MC-Assistant Manager::Cloud Strategy
721883031,https://www.linkedin.com/jobs/view/721883031/,KGS::MC-Associate Consultant/Consultant::Service Now
682520495,https://www.linkedin.com/jobs/view/682520495/,KGS::MC-Consultant/Assistant Manager::Service Now
736030261,https://www.linkedin.com/jobs/view/736030261/,AD - Forensics CCS
729815472,https://www.linkedin.com/jobs/view/729815472/,KGS::MC-Assistant Manager::Data Center
675749419,https://www.linkedin.com/jobs/view/675749419/,Assistant Manager Cybersecurity
663375881,https://www.linkedin.com/jobs/view/663375881/,KGS - RC - Risk Assurance - IT Audit & Assurance
674171601,https://www.linkedin.com/jobs/view/674171601/,Manager - IT Projects
634881157,https://www.linkedin.com/jobs/view/634881157/,KGS-MC-Payroll Consultant
634881039,https://www.linkedin.com/jobs/view/634881039/,Consultant - Testing
634881031,https://www.linkedin.com/jobs/view/634881031/,Assistant Manager - Valuations
634880366,https://www.linkedin.com/jobs/view/634880366/,Assistant Manager
634880349,https://www.linkedin.com/jobs/view/634880349/,Consultant _ VBA Excel
634880348,https://www.linkedin.com/jobs/view/634880348/,Consultant/Associate Consultant - RPA
634880345,https://www.linkedin.com/jobs/view/634880345/,KGS-RC-Executive | General Insurance | Non Life
634880320,https://www.linkedin.com/jobs/view/634880320/,Assistant Manager - L&D
634879936,https://www.linkedin.com/jobs/view/634879936/,KGS-MC-Consultant-EPM
634879889,https://www.linkedin.com/jobs/view/634879889/,Assistant Manager-Ktech Lead
634879707,https://www.linkedin.com/jobs/view/634879707/,Associate Consultant / Consultant- QlikSense
634879617,https://www.linkedin.com/jobs/view/634879617/,Assistant Manager | HR Business Partner
634878975,https://www.linkedin.com/jobs/view/634878975/,Manager- Data Modelling
809003203,https://www.linkedin.com/jobs/view/809003203/,KPMG - Senior - Actuarial - Non LIfe - General Insurance - Risk Consulting (3-5 yrs) Bangalore
634877916,https://www.linkedin.com/jobs/view/634877916/,Manager - Audit
803354731,https://www.linkedin.com/jobs/view/803354731/,Chief Compliance Officer
810096417,https://www.linkedin.com/jobs/view/810096417/,Senior Consultant IGH GA
634880400,https://www.linkedin.com/jobs/view/634880400/,Associate 2
634877851,https://www.linkedin.com/jobs/view/634877851/,Senior Associate - US GMS
798981176,https://www.linkedin.com/jobs/view/798981176/,KGS- Assistant Manager- Benchmarking-Bangalore
798980106,https://www.linkedin.com/jobs/view/798980106/,Consultant
799151382,https://www.linkedin.com/jobs/view/799151382/,KGS::MC::Associate Consultant/Consultant::Service Now
805164422,https://www.linkedin.com/jobs/view/805164422/,KGS|RC| Senior-SAP Assurance & Control testing
805161549,https://www.linkedin.com/jobs/view/805161549/,KGS:: Capability Hubs::Senior Analyst::Marketing Services
761917232,https://www.linkedin.com/jobs/view/761917232/,Senior Associate - UK Corporate Tax
799152136,https://www.linkedin.com/jobs/view/799152136/,Senior: Bangalore
781062369,https://www.linkedin.com/jobs/view/781062369/,Executive-Bangalore
778217877,https://www.linkedin.com/jobs/view/778217877/,Manager - Lean Transformation
806242448,https://www.linkedin.com/jobs/view/806242448/,Manager - Transfer Pricing
805163239,https://www.linkedin.com/jobs/view/805163239/,Associate- Tax IES
805159464,https://www.linkedin.com/jobs/view/805159464/,KGS-Senior -Digital Marketing- Gurgaon
763611000,https://www.linkedin.com/jobs/view/763611000/,Analyst
761919109,https://www.linkedin.com/jobs/view/761919109/,Associate - UK Corporate Tax
795002212,https://www.linkedin.com/jobs/view/795002212/,Associate 2 - Canada Audit
768052072,https://www.linkedin.com/jobs/view/768052072/,Manager - US Audit
766613877,https://www.linkedin.com/jobs/view/766613877/,KGS|RC| Executive-ITA
756786356,https://www.linkedin.com/jobs/view/756786356/,KGS RC Secretary
768052071,https://www.linkedin.com/jobs/view/768052071/,Associate/Sr.Associate-UK GMS
760681111,https://www.linkedin.com/jobs/view/760681111/,KGS: MC : DWBI Manager/Assistant Manager
758504817,https://www.linkedin.com/jobs/view/758504817/,KGS::MC:: Workday Functional Finance & HCM:: AM
739359349,https://www.linkedin.com/jobs/view/739359349/,KGS::MC::Functional Finance Project SCM::Assistant Manager
777128758,https://www.linkedin.com/jobs/view/777128758/,Manager-Bangalore
734966283,https://www.linkedin.com/jobs/view/734966283/,Analyst ( 3 months )
773637737,https://www.linkedin.com/jobs/view/773637737/,KGS::MC::Tableau Consultant
726238733,https://www.linkedin.com/jobs/view/726238733/,Executive - KAAP
721881423,https://www.linkedin.com/jobs/view/721881423/,KGS - Tax - Analyst -PMO
736270396,https://www.linkedin.com/jobs/view/736270396/,KGS: MC: Alteryx Consultant
734967155,https://www.linkedin.com/jobs/view/734967155/,KGS::MC:: Assistant Manager:: Appian/IBM BPM Lead
674167206,https://www.linkedin.com/jobs/view/674167206/,KGS-Business Associate-Pursuits-Bangalore
674167207,https://www.linkedin.com/jobs/view/674167207/,Manager- TMT
735116309,https://www.linkedin.com/jobs/view/735116309/,Director - ITA
728556679,https://www.linkedin.com/jobs/view/728556679/,KGS:MC:Analyst:Oracle
726238735,https://www.linkedin.com/jobs/view/726238735/,Senior Associate 2 - Audit
688102372,https://www.linkedin.com/jobs/view/688102372/,KGS-Team Leader-TAX RAB-Bangalore
724067813,https://www.linkedin.com/jobs/view/724067813/,Archer- Exective & Senior
692176701,https://www.linkedin.com/jobs/view/692176701/,KGS::MC-Associate Consultant/Consultant/Manager::Curam
692176702,https://www.linkedin.com/jobs/view/692176702/,Assistanat Manager IT Audit & Attestation
682530025,https://www.linkedin.com/jobs/view/682530025/,Assistant Manager Data Analytics
636299920,https://www.linkedin.com/jobs/view/636299920/,Manager - ITA
634880390,https://www.linkedin.com/jobs/view/634880390/,Associate - US BTS
634877883,https://www.linkedin.com/jobs/view/634877883/,Executive/Senior
663375882,https://www.linkedin.com/jobs/view/663375882/,KGS-RC-Senior | Internal Audit Experience
634879749,https://www.linkedin.com/jobs/view/634879749/,Team Leader- MS| RAK
634881022,https://www.linkedin.com/jobs/view/634881022/,Manager - Oracle Apps
634881023,https://www.linkedin.com/jobs/view/634881023/,Associate Director
634879618,https://www.linkedin.com/jobs/view/634879618/,KGS-Business Associate-MS-Bangalore
634879672,https://www.linkedin.com/jobs/view/634879672/,Senior Associate 1 - Canada Audit
689425112,https://www.linkedin.com/jobs/view/689425112/,E-Discovery | Executive
677393127,https://www.linkedin.com/jobs/view/677393127/,KGS: MC : Power BI Consultant
686571477,https://www.linkedin.com/jobs/view/686571477/,Audit Associate
636298993,https://www.linkedin.com/jobs/view/636298993/,Manager - Archer
677389490,https://www.linkedin.com/jobs/view/677389490/,Senior - Audit
634881165,https://www.linkedin.com/jobs/view/634881165/,Knowledge Management
634881137,https://www.linkedin.com/jobs/view/634881137/,Manager- Transfer Pricing
634881034,https://www.linkedin.com/jobs/view/634881034/,KGS-MC-Executive Assistant
634880357,https://www.linkedin.com/jobs/view/634880357/,Business Analyst
634880354,https://www.linkedin.com/jobs/view/634880354/,Senior Associate 2/Associate 2 - VBA
634880325,https://www.linkedin.com/jobs/view/634880325/,Manager
634880290,https://www.linkedin.com/jobs/view/634880290/,Analyst/ Executive /Administrator
634880282,https://www.linkedin.com/jobs/view/634880282/,Associate - US GMS
634880279,https://www.linkedin.com/jobs/view/634880279/,KGS :: RC :: Major Projects & Contract Advisory :: Executive
634879966,https://www.linkedin.com/jobs/view/634879966/,Executive - Audit
634879965,https://www.linkedin.com/jobs/view/634879965/,Administrator
634879935,https://www.linkedin.com/jobs/view/634879935/,KGS::MC:: Qlikview Consultant
634879888,https://www.linkedin.com/jobs/view/634879888/,Associate 1 - Audit
634879855,https://www.linkedin.com/jobs/view/634879855/,Senior Associate 2
634879854,https://www.linkedin.com/jobs/view/634879854/,Manager - UK Corporate Tax
634879853,https://www.linkedin.com/jobs/view/634879853/,Senior Consultant /Consultant - Vendor Management
634879844,https://www.linkedin.com/jobs/view/634879844/,KGS :: RC :: Data Analyst ::Executive/Analyst
634879843,https://www.linkedin.com/jobs/view/634879843/,Manager - Corporate Tax
634879838,https://www.linkedin.com/jobs/view/634879838/,Senior Analyst-Research-Bangalore
634879782,https://www.linkedin.com/jobs/view/634879782/,Associate / Senior Associate - Canada Tax
634879780,https://www.linkedin.com/jobs/view/634879780/,Manager - US GMS
634877950,https://www.linkedin.com/jobs/view/634877950/,Marcom Manager
634877933,https://www.linkedin.com/jobs/view/634877933/,KGS-RC-Resource Management | Trainee | 6 months
634877918,https://www.linkedin.com/jobs/view/634877918/,Executive
634877913,https://www.linkedin.com/jobs/view/634877913/,Oracle Technical Apps
634877814,https://www.linkedin.com/jobs/view/634877814/,KGS | RAK | Analyst | Sales Enablement
634878925,https://www.linkedin.com/jobs/view/634878925/,KGS | RAK | Team leader | Pursuits
634880377,https://www.linkedin.com/jobs/view/634880377/,KGS::MC::RPA
809627332,https://www.linkedin.com/jobs/view/809627332/,Accountant
814397438,https://www.linkedin.com/jobs/view/814397438/,AD - Forensics Inv
814588394,https://www.linkedin.com/jobs/view/814588394/,AVP- Business Analyst-USGAAP Impairment
663375888,https://www.linkedin.com/jobs/view/663375888/,Assistant Manager - Strategy
769918907,https://www.linkedin.com/jobs/view/769918907/,Assistant Manager - Mergers & Acquisition - Investment Bank (0-4 yrs) Bangalore
736268448,https://www.linkedin.com/jobs/view/736268448/,"KGS: MC : VBA,Python"
811585000,https://www.linkedin.com/jobs/view/811585000/,Manager - Customer & Channel - After Sales service/Warranty Management
634878888,https://www.linkedin.com/jobs/view/634878888/,KGS::MC::MS Navision
765419783,https://www.linkedin.com/jobs/view/765419783/,Presales Consultant
783536443,https://www.linkedin.com/jobs/view/783536443/,Aranca - Senior Analyst/Assistant Manager - Investment Banking Research (2-3 yrs) Gurgaon/Gurugram/Mumbai
820499386,https://www.linkedin.com/jobs/view/820499386/,AVP- US GAAP Impairments Programme # 113717
817860293,https://www.linkedin.com/jobs/view/817860293/,SAP GRC Consultant
817860294,https://www.linkedin.com/jobs/view/817860294/,KGS: MC : Oracle Hyperion Planning Specialist
816142246,https://www.linkedin.com/jobs/view/816142246/,KGS-Analyst-Research-Bangalore
814398351,https://www.linkedin.com/jobs/view/814398351/,KGS: RC : SAP GRC- Executive & Senior
803363134,https://www.linkedin.com/jobs/view/803363134/,Executive/Senior Executive-System and Network Security
663375884,https://www.linkedin.com/jobs/view/663375884/,Consultant - Strategy
634879876,https://www.linkedin.com/jobs/view/634879876/,ServiceNow
634877856,https://www.linkedin.com/jobs/view/634877856/,D&A
726238742,https://www.linkedin.com/jobs/view/726238742/,SAP FICO Manager
814724567,https://www.linkedin.com/jobs/view/814724567/,Senior Manager - Audit Business
816182492,https://www.linkedin.com/jobs/view/816182492/,GSOC Azure Associate Consultant
816181976,https://www.linkedin.com/jobs/view/816181976/,KGS ::Consultant:: Deal Advisory
815385495,https://www.linkedin.com/jobs/view/815385495/,Head Alliances
814726070,https://www.linkedin.com/jobs/view/814726070/,GSOC Azure Team Lead
776136664,https://www.linkedin.com/jobs/view/776136664/,Assistant Manager - Audit
800070802,https://www.linkedin.com/jobs/view/800070802/,Business Development (Sales) Internship in Delhi at Hiration
801575220,https://www.linkedin.com/jobs/view/801575220/,Project Officer
810095686,https://www.linkedin.com/jobs/view/810095686/,Staff Accountant
784362226,https://www.linkedin.com/jobs/view/784362226/,Staff Accountant - Audit
789268537,https://www.linkedin.com/jobs/view/789268537/,Consultant- AAS Gurgaon
817065081,https://www.linkedin.com/jobs/view/817065081/,Investment Associate - Private Investment Firm (2-5 yrs) Mumbai
811394729,https://www.linkedin.com/jobs/view/811394729/,Investment Associate - Private Investment Firm (2-5 yrs) Mumbai
790016473,https://www.linkedin.com/jobs/view/790016473/,Aranca - Assistant Manager - Equity Research (3-7 yrs) Gurgaon/Gurugram/Mumbai
729782230,https://www.linkedin.com/jobs/view/729782230/,Hindustan Times - Chartered Accountant - Finance Trainee (0-1 yrs) Delhi NCR
634878886,https://www.linkedin.com/jobs/view/634878886/,Senior Executive- L&D
634881063,https://www.linkedin.com/jobs/view/634881063/,Senior Executive- Server Support and Operations (Asset Management)
634877842,https://www.linkedin.com/jobs/view/634877842/,Associate
811564031,https://www.linkedin.com/jobs/view/811564031/,Consultant- IGH GA
723505266,https://www.linkedin.com/jobs/view/723505266/,NeoGrowth - Manager - Business Development - Online Business (3-10 yrs) Mumbai
777153402,https://www.linkedin.com/jobs/view/777153402/,Senior Tech Lead
815602987,https://www.linkedin.com/jobs/view/815602987/,Quality Analysis Internship in Kota at Intello Labs
634877873,https://www.linkedin.com/jobs/view/634877873/,Associate Director/Manager
634877964,https://www.linkedin.com/jobs/view/634877964/,Associate Consultant - Forensic
634877891,https://www.linkedin.com/jobs/view/634877891/,Senior- Spanish
634879670,https://www.linkedin.com/jobs/view/634879670/,Assistant Manager - GRCS
798981173,https://www.linkedin.com/jobs/view/798981173/,Senior - Transfer Pricing
598363331,https://www.linkedin.com/jobs/view/598363331/,R2R Accountant
598362297,https://www.linkedin.com/jobs/view/598362297/,ICO COE – Accounting Analyst
801404068,https://www.linkedin.com/jobs/view/801404068/,Analyst - Transfer Pricing
797719416,https://www.linkedin.com/jobs/view/797719416/,Executive - Coporate Tax
781061618,https://www.linkedin.com/jobs/view/781061618/,Executive - Indirect Tax
803299967,https://www.linkedin.com/jobs/view/803299967/,Finance Manager - Advisory Management
805599109,https://www.linkedin.com/jobs/view/805599109/,Iris Software - Technical Manager - Presales (10-15 yrs) Noida
805164248,https://www.linkedin.com/jobs/view/805164248/,Consultant - Lean Six Sigma (Black Belt)
796092492,https://www.linkedin.com/jobs/view/796092492/,Analyst - GRCS
793159970,https://www.linkedin.com/jobs/view/793159970/,Sales BPM/ECM
737075532,https://www.linkedin.com/jobs/view/737075532/,Executive : Mumbai
677387891,https://www.linkedin.com/jobs/view/677387891/,Executive/ Sr. Executive - Contracts
636298994,https://www.linkedin.com/jobs/view/636298994/,"Senior Executive - Graphic Designing - Illustrator, InDesign"
680624235,https://www.linkedin.com/jobs/view/680624235/,Administrator/ Analyst - Global Marketing Compliance
636298996,https://www.linkedin.com/jobs/view/636298996/,"Senior/AM-Proffessional Independence, Risk Management"
634881204,https://www.linkedin.com/jobs/view/634881204/,Executive- SSG IP Advisory
634881174,https://www.linkedin.com/jobs/view/634881174/,Senior: Mumbai
634881012,https://www.linkedin.com/jobs/view/634881012/,Analyst - JPM
634880376,https://www.linkedin.com/jobs/view/634880376/,Manager- SSG IGH
634880318,https://www.linkedin.com/jobs/view/634880318/,Manager SSG
634879856,https://www.linkedin.com/jobs/view/634879856/,Consultant- KPMG Academy
634877914,https://www.linkedin.com/jobs/view/634877914/,Consultant - Forensic
634880405,https://www.linkedin.com/jobs/view/634880405/,Oracle sales
634877817,https://www.linkedin.com/jobs/view/634877817/,Analyst - ITA
756786355,https://www.linkedin.com/jobs/view/756786355/,RC : Senior : Internal Audit
817065086,https://www.linkedin.com/jobs/view/817065086/,Investment Associate - Private Investment Firm - IIT/IIM/ISB/XLRI (2-5 yrs) Delhi
811393669,https://www.linkedin.com/jobs/view/811393669/,Investment Associate - Private Investment Firm - IIT/IIM/ISB/XLRI (2-5 yrs) Delhi
806757643,https://www.linkedin.com/jobs/view/806757643/,Senior Investment Associate - Private Investment Firm (4-8 yrs) Mumbai
804091884,https://www.linkedin.com/jobs/view/804091884/,Senior Investment Associate - Private Investment Firm (4-8 yrs) Mumbai
807539344,https://www.linkedin.com/jobs/view/807539344/,KGS Associate Consultant Global M&A
791317677,https://www.linkedin.com/jobs/view/791317677/,Assistant Manager-Pursuit Management
752248239,https://www.linkedin.com/jobs/view/752248239/,Aranca - Senior Analyst/Analyst - Fixed Income Credit Research (2-5 yrs) Mumbai
644020082,https://www.linkedin.com/jobs/view/644020082/,KGS-Senior Analyst-Research-Gurgaon
684184200,https://www.linkedin.com/jobs/view/684184200/,KGS-Administrator-Resource Mangement-Gurgaon
663333987,https://www.linkedin.com/jobs/view/663333987/,Assistant Manager- Dot Net
634881102,https://www.linkedin.com/jobs/view/634881102/,KGS-Administrator-AMS-Gurgaon
634880361,https://www.linkedin.com/jobs/view/634880361/,KGS-Analyst-Resource Management-Gurgaon
634877898,https://www.linkedin.com/jobs/view/634877898/,KGS-Business Associate-Resource Management- Gurgaon
796607170,https://www.linkedin.com/jobs/view/796607170/,Pursuits - EMEIA/GSA_Assistant Manager
634881218,https://www.linkedin.com/jobs/view/634881218/,"Infrasturcture, Government and Healthcare - Blockchain Technology"
634878943,https://www.linkedin.com/jobs/view/634878943/,KGS-Consultant- M&A
634881160,https://www.linkedin.com/jobs/view/634881160/,Analyst
634880350,https://www.linkedin.com/jobs/view/634880350/,Staff Accountant-Ahmedabad
634877850,https://www.linkedin.com/jobs/view/634877850/,Consultant
814726021,https://www.linkedin.com/jobs/view/814726021/,Senior Associate- Resolution SSG
735114908,https://www.linkedin.com/jobs/view/735114908/,MS CRM Developer
811564024,https://www.linkedin.com/jobs/view/811564024/,Assistant Manager- IGH GA
789266527,https://www.linkedin.com/jobs/view/789266527/,Associate Consultant - UK Restructuring - Modeling
634879751,https://www.linkedin.com/jobs/view/634879751/,OFSAA ALM
803299743,https://www.linkedin.com/jobs/view/803299743/,Associate Consultant / Consultant - Financial Due Diligence
791316883,https://www.linkedin.com/jobs/view/791316883/,Assistant Manager - F.Tech
779064235,https://www.linkedin.com/jobs/view/779064235/,Associate Consultant - AML Investigations
770900837,https://www.linkedin.com/jobs/view/770900837/,Associate Consultant Deal Advisory
761919114,https://www.linkedin.com/jobs/view/761919114/,Associate Consultant - Financial Due Diligence
733794617,https://www.linkedin.com/jobs/view/733794617/,KGS-Senior Analyst- Financial Services Sector Research-Gurgaon
766613876,https://www.linkedin.com/jobs/view/766613876/,AD - M&A Tax
730900238,https://www.linkedin.com/jobs/view/730900238/,Consultant/Senior Consultant-Mining- S&O
686575464,https://www.linkedin.com/jobs/view/686575464/,KGS:: Capability Hubs:: Marketing Services: Editorial:: Senior Analyst
650964788,https://www.linkedin.com/jobs/view/650964788/,KGS-Team Leader-Financial Services-Gurgaon
677393128,https://www.linkedin.com/jobs/view/677393128/,KGS- Business Associate-AMS- Gurgaon
634879827,https://www.linkedin.com/jobs/view/634879827/,KGS|MS|Senior Analyst-Content Editor
692147322,https://www.linkedin.com/jobs/view/692147322/,Analyst/Associate Consultant- IP Advisory
634881038,https://www.linkedin.com/jobs/view/634881038/,"Senior Executive- GAAP, Reconciliation, General Ledger, Reporting"
644080891,https://www.linkedin.com/jobs/view/644080891/,KGS-Analyst-RPO-Gurgaon
634881213,https://www.linkedin.com/jobs/view/634881213/,Associate Consultant - Benchmarking
634881057,https://www.linkedin.com/jobs/view/634881057/,RPO-Analyst-Gurgaon
634880328,https://www.linkedin.com/jobs/view/634880328/,Business Associate-AMS-RAK- Gurgaon
634879981,https://www.linkedin.com/jobs/view/634879981/,Manager- IP Advisory
634877840,https://www.linkedin.com/jobs/view/634877840/,Assistant Manager/Manager- Personal Independence Compliance Testing
634878889,https://www.linkedin.com/jobs/view/634878889/,Assistant Manager - Benchmarking
663336063,https://www.linkedin.com/jobs/view/663336063/,Assistant Manager- Pursuits Management
634878949,https://www.linkedin.com/jobs/view/634878949/,Executive - .Net
634878948,https://www.linkedin.com/jobs/view/634878948/,Assistant Manager-Technology (BA)
677393129,https://www.linkedin.com/jobs/view/677393129/,Assistant Manager- Collaboration-- Knowledge Management
634878947,https://www.linkedin.com/jobs/view/634878947/,Assistant manager -M&A TAX
814466785,https://www.linkedin.com/jobs/view/814466785/,AVP- US GAAP Impairments Programme # 113717
814115003,https://www.linkedin.com/jobs/view/814115003/,VP - Process Control SOX 404 # 115646
682529459,https://www.linkedin.com/jobs/view/682529459/,Executive/Senior: Jaipur
797718866,https://www.linkedin.com/jobs/view/797718866/,Consultant - Accounting Advisory
805172468,https://www.linkedin.com/jobs/view/805172468/,Manager : Gurgaon
818514842,https://www.linkedin.com/jobs/view/818514842/,Aranca - Senior Analyst - Fixed Income Credit Research (3-6 yrs) Mumbai
798980210,https://www.linkedin.com/jobs/view/798980210/,Executive - Tax
798979613,https://www.linkedin.com/jobs/view/798979613/,Administrator - Tax
742940607,https://www.linkedin.com/jobs/view/742940607/,Assistant Manager KM Content Management
769251670,https://www.linkedin.com/jobs/view/769251670/,KGS: KYC Analyst :: Managed Services ::
810115441,https://www.linkedin.com/jobs/view/810115441/,Manager- Markets
797560422,https://www.linkedin.com/jobs/view/797560422/,Executive- Content Management
761233031,https://www.linkedin.com/jobs/view/761233031/,Manager/Senior Manager - S&O
770322383,https://www.linkedin.com/jobs/view/770322383/,Executive- GRCS
774665626,https://www.linkedin.com/jobs/view/774665626/,Director -FRM
779062916,https://www.linkedin.com/jobs/view/779062916/,Executive / Senior : Gurgaon
796094126,https://www.linkedin.com/jobs/view/796094126/,Executive/Senior Executive- Markets GMC
759305710,https://www.linkedin.com/jobs/view/759305710/,Executive - M&A Tax
739363100,https://www.linkedin.com/jobs/view/739363100/,Executive/Sr Executive
774665628,https://www.linkedin.com/jobs/view/774665628/,KGS Associate Consultant Deal Advisory Valuations
736267404,https://www.linkedin.com/jobs/view/736267404/,Executive/ Senior Executive/ Assistant Manager - TS-FDD
729728286,https://www.linkedin.com/jobs/view/729728286/,Senior Executive- BA
730398594,https://www.linkedin.com/jobs/view/730398594/,Associate /Senior Associate
689423844,https://www.linkedin.com/jobs/view/689423844/,Consultant-HR DD
730900236,https://www.linkedin.com/jobs/view/730900236/,Manager
674167205,https://www.linkedin.com/jobs/view/674167205/,KGS-Analyst-Research-Gurgaon
674166537,https://www.linkedin.com/jobs/view/674166537/,KGS-Business Associate-Research-Gurgaon
634879982,https://www.linkedin.com/jobs/view/634879982/,Team Leader- Industrial Manufacturing-Gurgaon
634877830,https://www.linkedin.com/jobs/view/634877830/,Team Leader-Marketing Servcies (PPT Speecialist)|RAK|KGS
634879937,https://www.linkedin.com/jobs/view/634879937/,Consultant - DA Benchmarking
634877948,https://www.linkedin.com/jobs/view/634877948/,Consultant - Benchmarking
634879750,https://www.linkedin.com/jobs/view/634879750/,Analyst| AMS
634880333,https://www.linkedin.com/jobs/view/634880333/,KGS|RAK| Business Associate
666137181,https://www.linkedin.com/jobs/view/666137181/,Astrus | Trainee
634881100,https://www.linkedin.com/jobs/view/634881100/,"Analyst/Administrator-Direct Tax, GST (Finance and Accounting)"
656604862,https://www.linkedin.com/jobs/view/656604862/,KGS-Senior Analyst-AMS-Gurgaon
650967281,https://www.linkedin.com/jobs/view/650967281/,"Senior Analyst-AUTO DI- DA Research, Gurgaon"
634881258,https://www.linkedin.com/jobs/view/634881258/,KGS - Analyst - Research
634881225,https://www.linkedin.com/jobs/view/634881225/,KGS-Analyst-AMS-Gurgaon
634881188,https://www.linkedin.com/jobs/view/634881188/,KGS-Senor Analyst-DA Research-Gurgaon
634881170,https://www.linkedin.com/jobs/view/634881170/,KGS::Assistant Manager::CF::HR::GM
634881032,https://www.linkedin.com/jobs/view/634881032/,Economics and Regulatory - Tax
634880365,https://www.linkedin.com/jobs/view/634880365/,Associate Director- Govt Advisory IGH
634880273,https://www.linkedin.com/jobs/view/634880273/,Manager- Analytics and MIS
634879928,https://www.linkedin.com/jobs/view/634879928/,KGS-SEnior Analyst- UK Learning-Gurgaon
634879879,https://www.linkedin.com/jobs/view/634879879/,KGS-Business Associate-AMS-Gurgaon
634879747,https://www.linkedin.com/jobs/view/634879747/,Manager- Markets- SSG
634879743,https://www.linkedin.com/jobs/view/634879743/,Executive Assistant - TAX
634877901,https://www.linkedin.com/jobs/view/634877901/,Senior Executive - Server Support and Operations (Asset Management)
634877848,https://www.linkedin.com/jobs/view/634877848/,Executive - BPM/Production Support/Operations
634877837,https://www.linkedin.com/jobs/view/634877837/,Executive/Senior Executive - Administration Procurement
634879620,https://www.linkedin.com/jobs/view/634879620/,Manager - M&A Tax
634878973,https://www.linkedin.com/jobs/view/634878973/,Executive/ Senior Executive- Risk Management
634878945,https://www.linkedin.com/jobs/view/634878945/,KGS | RAK | Assistant manager | Knowledge Management
682528540,https://www.linkedin.com/jobs/view/682528540/,Manager- Knowledge Management
634879984,https://www.linkedin.com/jobs/view/634879984/,KGS- consultant-Infrastructure Modelling
672035526,https://www.linkedin.com/jobs/view/672035526/,Executive/Senior Executive- Knowledge Management
797121275,https://www.linkedin.com/jobs/view/797121275/,Manager- TAS OTS
659648048,https://www.linkedin.com/jobs/view/659648048/,Assistant Manager - Audit
634881169,https://www.linkedin.com/jobs/view/634881169/,Associate Director- IP Advisory SSG
634881158,https://www.linkedin.com/jobs/view/634881158/,Audit Risk Management
634880363,https://www.linkedin.com/jobs/view/634880363/,Senior- IP Advisory SSG
634879887,https://www.linkedin.com/jobs/view/634879887/,Manager IP Advisory SSG
634877960,https://www.linkedin.com/jobs/view/634877960/,Manager - AAS
634877900,https://www.linkedin.com/jobs/view/634877900/,Sr Associate- SSG IP Advisory
634879671,https://www.linkedin.com/jobs/view/634879671/,Senior
634879886,https://www.linkedin.com/jobs/view/634879886/,Analyst- IP Advisory SSG
634879828,https://www.linkedin.com/jobs/view/634879828/,Executive/Senior - Tax
634877946,https://www.linkedin.com/jobs/view/634877946/,Consultant Resourcing
634877945,https://www.linkedin.com/jobs/view/634877945/,ADC Staff Accountant
634877737,https://www.linkedin.com/jobs/view/634877737/,SR Consultant(Metals&M)ining
803515236,https://www.linkedin.com/jobs/view/803515236/,Project Cordinator -Crowd Compass
782893515,https://www.linkedin.com/jobs/view/782893515/,Hiring for Cvent Product Consultant salary up to 6.5 lacs package
802554551,https://www.linkedin.com/jobs/view/802554551/,City Manager - Ecommerce - Iim/iit/isb/bits/sp Jain
816182485,https://www.linkedin.com/jobs/view/816182485/,"Assistant Manager - Qlikview/Qliksense, MSSQL"
816147192,https://www.linkedin.com/jobs/view/816147192/,GSOC Azure Consultant
816144916,https://www.linkedin.com/jobs/view/816144916/,Manager - Supply Chain
794861115,https://www.linkedin.com/jobs/view/794861115/,Manager - Finance
752247303,https://www.linkedin.com/jobs/view/752247303/,Aranca - Senior Analyst - Private Equity Research (2-5 yrs) Gurgaon/Gurugram
714331802,https://www.linkedin.com/jobs/view/714331802/,Director - Business Development & Strategy - Law Firm (8-15 yrs) Delhi (Sales Management)
631825847,https://www.linkedin.com/jobs/view/631825847/,Associate Product Consultant -Crowd Compass 1
816144866,https://www.linkedin.com/jobs/view/816144866/,IRMEA
817860292,https://www.linkedin.com/jobs/view/817860292/,Associate Director
814723866,https://www.linkedin.com/jobs/view/814723866/,Oracle Financials
816146575,https://www.linkedin.com/jobs/view/816146575/,IT Attestation
789267371,https://www.linkedin.com/jobs/view/789267371/,Test Req
814722254,https://www.linkedin.com/jobs/view/814722254/,DSR – Private Real Estate Advisory - Manager
796092667,https://www.linkedin.com/jobs/view/796092667/,SAS
813706824,https://www.linkedin.com/jobs/view/813706824/,City Manager - Ecommerce
634880352,https://www.linkedin.com/jobs/view/634880352/,Assistant Manager
634878974,https://www.linkedin.com/jobs/view/634878974/,Associate Director
774665625,https://www.linkedin.com/jobs/view/774665625/,Executive - Audit
810115442,https://www.linkedin.com/jobs/view/810115442/,Associate Consultant
798980214,https://www.linkedin.com/jobs/view/798980214/,Staff Accountant
634881035,https://www.linkedin.com/jobs/view/634881035/,Associate Director
634877939,https://www.linkedin.com/jobs/view/634877939/,KGS-Analyst-Resource Management-Gurgaon
634879874,https://www.linkedin.com/jobs/view/634879874/,Executive
796126591,https://www.linkedin.com/jobs/view/796126591/,Associate Consultant
761232116,https://www.linkedin.com/jobs/view/761232116/,Associate Consultant
634879895,https://www.linkedin.com/jobs/view/634879895/,KGS-Analyst-RPO-Gurgaon
634877874,https://www.linkedin.com/jobs/view/634877874/,Assistant Manager
811584330,https://www.linkedin.com/jobs/view/811584330/,Consultant
770902789,https://www.linkedin.com/jobs/view/770902789/,Consultant
779062917,https://www.linkedin.com/jobs/view/779062917/,Manager - Audit
663373769,https://www.linkedin.com/jobs/view/663373769/,KGS-Administrator-AMS-Gurgaon
663375889,https://www.linkedin.com/jobs/view/663375889/,Executive - Audit
783004300,https://www.linkedin.com/jobs/view/783004300/,Assistant Manager - Group Financial Accounting & Controls
634881120,https://www.linkedin.com/jobs/view/634881120/,KGS-Analyst-Research-Gurgaon
634879781,https://www.linkedin.com/jobs/view/634879781/,KGS-Analyst-Research-Gurgaon
634881139,https://www.linkedin.com/jobs/view/634881139/,Executive
634877892,https://www.linkedin.com/jobs/view/634877892/,Consultant
765417918,https://www.linkedin.com/jobs/view/765417918/,Presales Consultant
814300094,https://www.linkedin.com/jobs/view/814300094/,Hiring for Cvent Product Consultant salary up to 6.5 lacs package
663333986,https://www.linkedin.com/jobs/view/663333986/,KGS-Business Associate-Pursuits-Bangalore
634881237,https://www.linkedin.com/jobs/view/634881237/,Analyst
634877972,https://www.linkedin.com/jobs/view/634877972/,Consultant
634881161,https://www.linkedin.com/jobs/view/634881161/,Staff Accountant
793248272,https://www.linkedin.com/jobs/view/793248272/,Associate Consultant
692101802,https://www.linkedin.com/jobs/view/692101802/,Analyst
796093176,https://www.linkedin.com/jobs/view/796093176/,Consultant
634879829,https://www.linkedin.com/jobs/view/634879829/,Consultant - Strategy
634879881,https://www.linkedin.com/jobs/view/634879881/,KGS-Analyst-Research-Gurgaon
634878944,https://www.linkedin.com/jobs/view/634878944/,Executive
816180957,https://www.linkedin.com/jobs/view/816180957/,Analyst
634879759,https://www.linkedin.com/jobs/view/634879759/,Manager
634880329,https://www.linkedin.com/jobs/view/634880329/,Associate Consultant
779064236,https://www.linkedin.com/jobs/view/779064236/,Associate Director
724068565,https://www.linkedin.com/jobs/view/724068565/,Senior - Audit
634880275,https://www.linkedin.com/jobs/view/634880275/,Consultant
634881240,https://www.linkedin.com/jobs/view/634881240/,Analyst
634881234,https://www.linkedin.com/jobs/view/634881234/,Associate Consultant
782891558,https://www.linkedin.com/jobs/view/782891558/,Hiring for Cvent Product Consultant salary up to 6.5 lacs package
810486592,https://www.linkedin.com/jobs/view/810486592/,Project Officer
